Product Name,Part Number,Price,Category
03-42776-010 - Engine Air Filter ,03-42776-010,55,Air Filters
21707132 - BY-PASS Oil Filter,21707132,19,Oil Filters
21715813 - Air Filter,21715813,45,Air Filters
23151592 - Oil Filter,23151592,19,Oil Filters
23658092 - Long Life Oil Filter,23658092,19,Oil Filters
23920469 - Fuel Filter,23920469,21,Fuel Filters
AF26163M - Air Filter,AF26163M,48,Air Filters
AF27879 - Air Filter,AF27879,43,Air Filters
FS19764 - Fuel Water Separator,FS19764,18,Fuel Filters
FS19765 - Fuel Water Separator,FS19765,18,Fuel Filters
FS19915 - Fuel Filter with Water Separator,FS19915,16,Fuel Filters
FS20313 - Fuel Water Separator,FS20313,19,Fuel Filters
Fuel & Oil Filter Change Kit for Volvo – 23920469  23151592 (x2),KIT #6,57,Oil Filters
Kenworth Air Filter - D371061,D371061,48,Air Filters
P611696 - Air Filter,P611696,37,Air Filters
P621725 - Engine Air Filter,P621725,41,Air Filters
Truck Lamp 60250R  Red LED,Red lamp,22,Accessories & Kits
Truck Lamp 6060C White LED,White lamp,21,Accessories & Kits
VOLVO VNL ENGINE FILTER CHANGE KIT D12  D13 - 21707132  2x23658092  2390469  FS19765,KIT #4,85,Accessories & Kits
VOLVO VNL ENGINE FILTER KIT D13 - 21707132  2x23658092  2390469,KIT #1,87,Accessories & Kits
Volvo VNL D12  D13 Fuel and Oil Filter Change Kit - FS20313  23151592x2,KIT #5,57,Oil Filters
Volvo VNL D12  D13 Oil Filter Change Kit - 21707132  23658092x2,KIT #3,59,Oil Filters
